{"last_tab":"","favicon":{"url":"https:\/\/themelocker.tech\/buscom\/wp-content\/themes\/buscom\/assets\/img\/favicon.png","id":"","height":"","width":"","thumbnail":""},"breadcumb_position":"1","breadcumb_bg":{"background-color":"","background-repeat":"no-repeat","background-size":"cover","background-attachment":"scroll","background-position":"center center","background-image":"https:\/\/validthemes.tech\/themeforest\/wordpress\/buscom\/wp-content\/uploads\/2022\/06\/4.jpg","media":{"id":"1509","height":"1080","width":"1920","thumbnail":"https:\/\/validthemes.tech\/themeforest\/wordpress\/buscom\/wp-content\/uploads\/2022\/06\/4-150x150.jpg"}},"buscom_breadcrumb_title_color":"#ffffff","popup_subscribed_form_position":"0","popup_subscribed_form_subtitle":"GET UP TO <strong>25% OFF<\/strong>","popup_subscribed_form_title":"Sign up to Buscom","popup_subscribed_form_desc":"Subscribe to the Maxa market newsletter <br> to receive updates on special offers.","popup_subscribed_form_shortcode":"[mc4wp_form id=\"1149\"]","popup_subscribed_form_bg":{"background-color":"","background-repeat":"no-repeat","background-size":"","background-attachment":"","background-position":"right top","background-image":"https:\/\/validthemes.tech\/themeforest\/wordpress\/buscom\/wp-content\/uploads\/2021\/12\/3-1.png","media":{"id":"1150","height":"517","width":"551","thumbnail":"https:\/\/validthemes.tech\/themeforest\/wordpress\/buscom\/wp-content\/uploads\/2021\/12\/3-1-150x150.png"}},"email":"Info@gmail.com","phone":"+123 456 7890","o_hours":"Sat - Wed : 8:00 - 4:00","facebook_url":"https:\/\/www.facebook.com","twitter_url":"https:\/\/www.twitter.com","pinterest_url":"https:\/\/www.pinterest.com","dribbble_url":"https:\/\/www.dribble.com","header_logo":{"url":"https:\/\/validthemes.tech\/themeforest\/wordpress\/buscom\/wp-content\/uploads\/2021\/11\/logo-3-1.png","id":"989","height":"170","width":"500","thumbnail":"https:\/\/validthemes.tech\/themeforest\/wordpress\/buscom\/wp-content\/uploads\/2021\/11\/logo-3-1-150x150.png"},"sidemenu_position":"1","logo_light":{"url":"https:\/\/validthemes.tech\/themeforest\/wordpress\/buscom\/wp-content\/uploads\/2021\/11\/logo-light-3-1.png","id":"990","height":"170","width":"500","thumbnail":"https:\/\/validthemes.tech\/themeforest\/wordpress\/buscom\/wp-content\/uploads\/2021\/11\/logo-light-3-1-150x150.png"},"logo_dark":{"url":"https:\/\/validthemes.tech\/themeforest\/wordpress\/buscom\/wp-content\/uploads\/2021\/11\/logo-3-1.png","id":"989","height":"170","width":"500","thumbnail":"https:\/\/validthemes.tech\/themeforest\/wordpress\/buscom\/wp-content\/uploads\/2021\/11\/logo-3-1-150x150.png"},"menu_btn_label":"Get Started","menu_btn_url":"#","woo_breadcumb_bg":{"background-color":"","background-repeat":"no-repeat","background-size":"cover","background-attachment":"scroll","background-position":"left center","background-image":"https:\/\/validthemes.tech\/themeforest\/wordpress\/buscom\/wp-content\/uploads\/2021\/12\/19-1.jpg","media":{"id":"1331","height":"846","width":"1900","thumbnail":"https:\/\/validthemes.tech\/themeforest\/wordpress\/buscom\/wp-content\/uploads\/2021\/12\/19-1-150x150.jpg"}},"buscom_woo_breadcrumb_title_color":"","buscom_woo_shoppage_sidebar":"1","buscom_woo_product_col":"4","buscom_woo_product_perpage":"12","buscom_product_details_custom_title":"Shop Details","buscom_woo_relproduct_display":"1","woo_layout_mode":"2","error_heading":"404","error_title":"Sorry Page Was Not Found!","error_subtitle":"We\u2019re sorry, the page you have looked for does not exist in our database! Maybe  go to our home page   or try to use a search?","error_home_btn_label":"Go Back to home Page","blog_sidebar":"2","blog_excerpt":"40","read_more":"Read More","blog_layout_mode":"2","copyright_txt":"Copyright <i class=\"far fa-copyright\"><\/i> 2022 <a href=\"https:\/\/themeforest.net\/user\/validthemes\">Buscom.<\/a> All Rights Reserved by <a href=\"#\">Validthemes<\/a>","footer_logo_light":{"url":"https:\/\/themelocker.tech\/buscom\/wp-content\/themes\/buscom\/assets\/img\/logo-light.png","id":"","height":"","width":"","thumbnail":""},"footer_logo_dark":{"url":"https:\/\/themelocker.tech\/buscom\/wp-content\/themes\/buscom\/assets\/img\/logo.png","id":"","height":"","width":"","thumbnail":""},"redux-backup":1}